param,dens_0_posterior,dens_0_prior,bayes_factor
delta_a_rew,5.561873670944231e-05,0.377415136301592,6785.755280153977
delta_a_pun,0.004876333206230669,0.377415136301592,77.39732301708894
delta_K,0.48844799251386195,0.377415136301592,0.7726823368833502
delta_omega_p,0.4784147007429592,0.377415136301592,0.7888869963976465
delta_omega_f,0.2350692526671032,0.377415136301592,1.605548713919102
