param,dens_0_posterior,dens_0_prior,bayes_factor
delta_a_rew,[0.02274098],[0.40409363],[0.05627652]
delta_a_pun,[0.02145315],[0.40409363],[0.05308955]
delta_K,[0.18994921],[0.40409363],[0.47006237]
delta_omega_p,[0.36771729],[0.40409363],[0.9099804]
delta_omega_f,[0.38985478],[0.40409363],[0.96476348]
