param,dens_0_posterior,dens_0_prior,bayes_factor
delta_a_rew,5.143499248178936e-09,0.377415136301592,73377115.09051283
delta_a_pun,1.605167250252815e-06,0.377415136301592,235125.11624078354
delta_K,1.411201869653797,0.377415136301592,0.2674423443005935
delta_omega_p,0.9033846989521448,0.377415136301592,0.417778978036006
delta_omega_f,0.15490541017750242,0.377415136301592,2.4364232073568055
