param,dens_0_posterior,dens_0_prior,bayes_factor
delta_a_rew,[0.02274098],[0.40527489],[0.05611249]
delta_a_pun,[0.02145315],[0.40527489],[0.05293481]
delta_K,[0.18994921],[0.40527489],[0.46869228]
delta_omega_p,[0.36771729],[0.40527489],[0.90732808]
delta_omega_f,[0.38985478],[0.40527489],[0.96195148]
