param,dens_0_posterior,dens_0_prior,bayes_factor
delta_a_rew,[5.14349925e-09],[0.40409363],[1.27284838e-08]
delta_a_pun,[1.60516725e-06],[0.40409363],[3.97226564e-06]
delta_K,[1.41120187],[0.40409363],[3.49226455]
delta_omega_p,[0.9033847],[0.40409363],[2.23558261]
delta_omega_f,[0.15490541],[0.40409363],[0.38334039]
