param,dens_0_posterior,dens_0_prior,bayes_factor
delta_a_rew,[5.56187367e-05],[0.40409363],[0.00013764]
delta_a_pun,[0.00487633],[0.40409363],[0.01206733]
delta_K,[0.48844799],[0.40409363],[1.20874954]
delta_omega_p,[0.4784147],[0.40409363],[1.18392041]
delta_omega_f,[0.23506925],[0.40409363],[0.58171976]
