param,dens_0_posterior,dens_0_prior,bayes_factor
delta_a_rew,[5.56187367e-05],[0.40527489],[0.00013724]
delta_a_pun,[0.00487633],[0.40527489],[0.01203216]
delta_K,[0.48844799],[0.40527489],[1.20522639]
delta_omega_p,[0.4784147],[0.40527489],[1.18046964]
delta_omega_f,[0.23506925],[0.40527489],[0.58002422]
