param,dens_0_posterior,dens_0_prior,bayes_factor
delta_a_rew,[5.14349925e-09],[0.40527489],[1.2691384e-08]
delta_a_pun,[1.60516725e-06],[0.40527489],[3.96068765e-06]
delta_K,[1.41120187],[0.40527489],[3.48208563]
delta_omega_p,[0.9033847],[0.40527489],[2.22906655]
delta_omega_f,[0.15490541],[0.40527489],[0.38222306]
