param,dens_0_posterior,dens_0_prior,bayes_factor
delta_a_rew,0.022740983533116786,0.377415136301592,16.596253884621017
delta_a_pun,0.021453147487783996,0.377415136301592,17.592529791561002
delta_K,0.1899492123808323,0.377415136301592,1.9869265661649926
delta_omega_p,0.36771728615078375,0.377415136301592,1.0263731146618753
delta_omega_f,0.38985477943201857,0.377415136301592,0.9680915977263381
